source,target,weight
10030,10118,4
10030,519896,2
10030,523769,14
10030,524284,1
10030,800061,2
10030,801173,5
10030,934091,3
10065,10118,1
10065,520386,1
10065,521108,1
10065,521197,2
10065,524284,2
10065,524968,1
10065,801079,46
10065,801824,8
10065,802072,4
10065,803314,1
10065,803698,9
10065,804257,2
10065,810535,1
10065,815678,16
10065,817347,2
10065,818842,2
10065,820110,1
10065,838321,12
10118,10030,22
10118,519981,3
10118,520118,2
10118,520386,1
10118,520787,1
10118,800061,7
10118,800636,18
10118,801173,5
10118,801685,4
10118,802361,27
10118,802509,4
10118,803237,1
10118,803412,57
10118,804465,2
10118,804941,2
10118,805598,1
10118,806599,1
10118,807281,8
10118,807906,9
10118,810541,3
10118,812878,1
10118,815344,6
10118,934091,2
10118,1050111955,5
89840,140899,2
89840,519867,2
89840,521158,3
89840,523591,27
89840,523828,2
89840,524164,1
89840,556286,2
89840,915526,2
102946,140899,5
102946,145394,2
102946,519867,4
102946,523591,14
102946,523827,1
102946,524238,1
102946,524284,6
102946,556286,2
102946,901019,2
118920,102946,3
118920,140899,2
118920,145394,2
118920,186492,3
118920,519867,4
118920,521158,2
118920,523591,22
118920,523827,3
118920,523828,1
118920,524164,2
118920,524284,6
118920,556286,1
125395,10065,1
125395,520787,1
125395,523591,2
125395,523828,1
125395,524207,3
138786,10065,1
138786,10118,1
138786,160961,1
138786,521158,2
138786,523591,8
138786,524208,1
138786,524284,1
140899,89840,2
140899,102946,5
140899,118920,2
140899,186492,1
140899,508478,2
140899,519867,2
140899,523591,2
140899,523827,4
140899,523828,3
140899,524284,2
140899,556286,1
140899,901019,1
145394,118920,1
145394,163773,1
145394,508478,1
145394,521158,2
145394,523591,22
145394,556286,1
145394,915526,1
160961,10118,1
160961,138786,1
160961,521158,3
160961,523591,25
160961,523828,5
160961,524208,2
160961,524238,1
163773,10065,3
163773,102946,1
163773,145394,1
163773,519867,2
163773,521158,3
163773,523591,13
163773,901019,1
168233,10118,1
168233,173792,4
168233,177456,1
168233,190022,2
168233,217189,2
168233,241283,3
168233,417297,2
168233,520787,5
168233,521108,1
168233,521399,3
168233,523591,14
168233,523828,2
168233,524164,9
168233,524207,2
168233,524208,3
168233,539005,2
168233,542600,3
168233,545695,10
168233,556286,1
168233,566569,6
168233,923221,5
173792,10065,1
173792,168233,2
173792,177456,3
173792,190022,7
173792,192525,1
173792,217189,2
173792,417297,1
173792,521399,3
173792,523591,14
173792,524208,2
173792,524278,1
173792,539005,1
173792,542600,1
173792,566569,5
173792,923221,1
177456,10065,2
177456,173792,1
177456,227118,1
177456,241283,1
177456,521158,2
177456,521399,2
177456,523591,8
177456,524208,5
177456,524278,1
177456,539005,1
177456,542600,1
177456,545695,3
177456,566569,1
179461,237101,5
179461,520787,6
179461,523591,57
179461,524208,2
179461,556286,1
186492,102946,2
186492,118920,1
186492,140899,4
186492,508478,2
186492,521158,1
186492,523591,6
186492,523827,1
186492,524164,4
186492,524284,3
186492,556286,2
186492,901019,2
186492,915526,4
190022,10065,1
190022,168233,3
190022,173792,1
190022,177456,1
190022,192525,1
190022,217189,3
190022,227118,1
190022,241283,1
190022,242344,1
190022,417297,10
190022,520002,1
190022,521158,3
190022,521399,6
190022,523591,23
190022,523828,1
190022,524208,5
190022,539005,3
190022,542600,2
190022,566569,1
190022,923221,3
192525,10065,3
192525,168233,1
192525,173792,1
192525,177456,1
192525,190022,1
192525,217189,1
192525,227118,1
192525,241283,1
192525,417297,1
192525,520787,2
192525,521158,5
192525,521399,1
192525,523591,54
192525,523828,2
192525,524164,2
192525,545695,2
192525,566569,1
192525,954509,1
213507,520787,2
213507,521158,2
213507,523591,23
213507,523828,1
213507,523897,2
213507,556286,1
215878,10118,1
215878,213507,1
215878,521158,2
215878,523591,30
215878,524238,2
217189,10065,1
217189,168233,1
217189,190022,2
217189,227118,2
217189,417297,1
217189,521108,2
217189,521158,2
217189,521399,1
217189,523591,28
217189,566569,2
217189,923221,1
220227,520002,1
220227,523591,60
220227,523828,3
220227,524164,1
220227,524238,1
220227,556286,1
220480,267717,2
220480,523591,8
220480,524238,2
220480,556286,1
227118,10065,2
227118,173792,1
227118,190022,1
227118,192525,1
227118,217189,1
227118,241283,3
227118,242344,2
227118,520002,1
227118,521158,3
227118,521399,1
227118,523591,17
227118,524208,9
227118,524238,2
227118,542600,1
227118,545695,7
227118,923221,1
227118,954509,2
237101,179461,3
237101,520787,5
237101,523591,56
237101,524164,1
237101,524208,4
237101,556286,2
238985,403849,2
238985,520787,3
238985,520916,69
238985,520919,2
238985,520921,3
238985,523591,3
238985,524208,2
238985,524238,1
238985,526711,6
238985,556286,10
238985,582095,1
238985,588642,4
238985,115573815,2
241283,10065,2
241283,168233,2
241283,173792,2
241283,177456,2
241283,227118,2
241283,242344,4
241283,520002,1
241283,520787,4
241283,521158,1
241283,521399,2
241283,523591,25
241283,524278,4
241283,539005,6
241283,545695,2
241283,923221,3
242344,10065,3
242344,173792,1
242344,190022,2
242344,192525,2
242344,227118,3
242344,241283,2
242344,417297,3
242344,521108,4
242344,521399,1
242344,523591,4
242344,545695,2
242344,923221,3
245746,10118,2
245746,524284,2
247534,10118,2
247534,523591,1
267717,220480,7
267717,523591,6
267717,524238,2
267717,556286,2
292082,10118,1
292082,138786,1
292082,523591,1
292082,523828,1
341776,238985,3
341776,403849,4
341776,520916,58
341776,520919,1
341776,520920,1
341776,523591,5
341776,526711,1
341776,556286,20
341776,582095,2
341776,588642,4
341776,451788176,2
403849,238985,1
403849,341776,5
403849,520916,50
403849,520920,4
403849,520921,4
403849,523591,2
403849,524237,2
403849,526711,2
403849,556286,6
403849,588642,1
403849,115573815,3
403849,451788176,1
417297,10065,4
417297,168233,3
417297,173792,1
417297,177456,3
417297,190022,7
417297,192525,1
417297,227118,1
417297,242344,1
417297,520002,1
417297,520787,1
417297,521158,8
417297,521399,6
417297,523591,13
417297,524208,7
417297,524278,2
417297,539005,1
417297,542600,4
417297,566569,1
508478,10065,2
508478,140899,2
508478,519867,3
508478,523591,2
508478,523827,4
508478,901019,1
508478,915526,1
519866,10118,1
519866,520393,5
519866,520787,1
519866,523591,1
519866,524968,1
519866,556286,1
519867,89840,2
519867,102946,3
519867,118920,2
519867,140899,3
519867,163773,1
519867,186492,2
519867,508478,3
519867,523591,17
519867,523828,3
519867,524164,1
519867,524284,7
519867,556286,1
519867,901019,1
519868,520787,2
519868,523591,77
519868,523941,1
519868,524164,5
519868,524208,4
519896,520300,1
519896,520386,42
519896,523769,47
519896,801685,1
519970,10065,30
519970,519971,2
519970,520002,15
519970,521158,6
519970,521470,4
519970,524208,5
519970,524234,1
519970,524238,14
519971,519970,50
519971,521158,1
519971,524208,2
519971,524234,2
519971,524238,1
519981,801173,1
519981,801685,4
519981,802361,28
519981,802509,2
519981,803412,9
520002,10065,10
520002,220480,1
520002,227118,1
520002,508478,1
520002,519970,17
520002,520916,50
520002,521158,35
520002,523490,2
520002,523591,33
520002,524207,11
520002,524208,30
520002,524238,158
520002,525105,54
520002,532513,1
520002,901019,2
520002,115573815,1
520118,801079,2
520300,519896,9
520300,520118,2
520300,520386,2
520300,523769,6
520300,802509,68
520300,803412,1
520300,807281,2
520386,10118,1
520386,804465,1
520393,519866,7
520787,10118,3
520787,179461,1
520787,237101,2
520787,521399,1
520787,523591,89
520787,523828,12
520787,523897,1
520787,524164,10
520787,542600,1
520787,556286,1
520787,115573815,3
520907,520787,3
520907,523591,2
520908,520787,8
520908,520909,1
520908,520913,5
520908,520915,9
520909,520908,4
520909,520913,7
520909,520915,13
520909,524164,2
520909,524208,2
520909,524238,4
520913,520908,4
520913,520909,8
520913,520915,7
520915,520908,14
520915,520909,6
520915,520913,5
520915,523591,1
520916,10065,5
520916,341776,1
520916,403849,1
520916,520002,49
520916,520921,3
520916,520926,1
520916,521158,23
520916,523591,4
520916,524208,21
520916,524238,55
520916,525105,2
520916,526711,1
520916,451788176,1
520917,520916,125
520917,520918,9
520917,523591,31
520917,524208,1
520918,520916,135
520918,520917,14
520918,520926,2
520918,521158,6
520918,523591,31
520918,524208,1
520919,341776,5
520919,520787,2
520919,520916,59
520919,520920,1
520919,520921,4
520919,523591,3
520919,524237,2
520919,526711,3
520919,556286,5
520919,582095,4
520919,588642,2
520919,115573815,1
520919,282427758,1
520919,451788176,3
520920,341776,1
520920,403849,7
520920,520787,1
520920,520916,23
520920,520921,2
520920,523591,3
520920,524237,2
520920,556286,2
520920,582095,2
520920,588642,1
520920,115573815,4
520921,238985,4
520921,403849,2
520921,520916,43
520921,520919,4
520921,520920,1
520921,524237,1
520921,526711,1
520921,556286,1
520921,582095,1
520921,588642,4
520924,523591,29
520926,267717,1
520926,403849,1
520926,520787,3
520926,520916,52
520926,520920,1
520926,523591,7
520926,582095,1
520926,115573815,1
520926,451788176,3
521108,10065,1
521108,556286,1
521158,10065,4
521158,89840,1
521158,138786,1
521158,145394,1
521158,163773,1
521158,179461,1
521158,186492,1
521158,190022,1
521158,417297,1
521158,519970,6
521158,520002,58
521158,520916,44
521158,520918,7
521158,521108,3
521158,521470,1
521158,523591,162
521158,523941,1
521158,524207,6
521158,524208,81
521158,524235,1
521158,524238,80
521158,524968,1
521158,525105,40
521158,545695,1
521158,923221,1
521158,954509,1
521197,520300,11
521197,803314,1
521399,10065,3
521399,168233,6
521399,173792,4
521399,177456,4
521399,190022,2
521399,192525,1
521399,217189,2
521399,227118,3
521399,241283,5
521399,242344,2
521399,417297,2
521399,520787,4
521399,523591,29
521399,524164,2
521399,524208,3
521399,524278,1
521399,539005,4
521399,545695,4
521399,566569,6
521399,954509,2
521470,519970,58
521470,519971,2
521470,521158,1
521470,523591,2
521470,524208,1
522961,10118,1
522961,524968,1
522961,556286,1
522961,800061,29
522961,800636,6
522961,801173,33
522961,801824,14
522961,802072,9
522961,802509,2
522961,804941,10
522961,805598,4
522961,815344,2
522961,815678,3
523039,10030,1
523039,523679,12
523039,524190,1
523490,10065,55
523490,520002,2
523591,10118,1
523591,89840,4
523591,102946,10
523591,118920,11
523591,125395,1
523591,138786,4
523591,140899,3
523591,145394,3
523591,160961,4
523591,163773,3
523591,168233,2
523591,173792,6
523591,177456,3
523591,179461,1
523591,186492,2
523591,190022,4
523591,192525,4
523591,213507,3
523591,215878,3
523591,217189,5
523591,220227,8
523591,227118,2
523591,237101,4
523591,238985,1
523591,241283,3
523591,242344,3
523591,245746,1
523591,292082,2
523591,341776,1
523591,417297,4
523591,508478,3
523591,519866,1
523591,519867,14
523591,519868,39
523591,519970,10
523591,520002,7
523591,520787,42
523591,520909,1
523591,520915,2
523591,520916,32
523591,520917,28
523591,520918,33
523591,520924,6
523591,520926,2
523591,521108,1
523591,521158,150
523591,521399,7
523591,523827,6
523591,523828,12
523591,523941,2
523591,524163,2
523591,524164,18
523591,524208,105
523591,524210,1
523591,524234,5
523591,524235,2
523591,524238,5
523591,524278,4
523591,524284,1
523591,525099,9
523591,525105,46
523591,526711,1
523591,539005,2
523591,542600,6
523591,545695,7
523591,556286,3
523591,582095,1
523591,901019,15
523591,915526,3
523591,923221,1
523591,954509,3
523591,115573815,1
523675,520787,1
523675,524968,1
523679,520300,62
523679,801079,31
523679,802072,1
523679,803698,55
523679,817347,1
523679,838321,20
523769,10030,1
523769,519896,89
523769,800061,1
523769,804941,28
523769,805598,26
523769,807281,3
523769,815344,8
523769,1050111955,5
523771,523039,5
523771,800061,2
523771,801824,4
523771,802072,9
523771,802361,1
523771,804257,3
523771,810535,2
523771,815678,5
523827,10118,2
523827,89840,2
523827,118920,3
523827,140899,3
523827,186492,4
523827,508478,3
523827,523591,9
523827,524163,2
523827,524164,4
523827,524284,7
523827,901019,3
523827,915526,2
523828,10118,6
523828,89840,1
523828,118920,1
523828,140899,1
523828,160961,2
523828,220227,1
523828,417297,1
523828,519867,1
523828,520787,44
523828,523591,35
523828,524164,2
523828,566569,1
523828,915526,2
523839,519896,2
523839,519981,3
523839,520393,1
523839,524245,2
523839,807906,1
523843,556286,1
523897,524284,3
523897,556286,36
523941,10065,2
523941,521158,1
523941,524238,1
523941,525105,1
524163,186492,1
524163,523591,9
524163,523827,1
524163,524284,17
524163,901019,1
524164,10118,6
524164,89840,1
524164,102946,2
524164,118920,2
524164,140899,1
524164,168233,3
524164,177456,1
524164,186492,2
524164,213507,1
524164,215878,1
524164,220227,2
524164,520787,55
524164,523591,49
524164,523827,1
524164,523828,3
524164,524163,2
524164,524284,1
524164,915526,2
524164,923221,1
524190,520300,1
524190,523771,1
524190,801079,1
524190,801824,52
524190,802072,37
524190,804257,3
524190,810535,3
524190,815678,16
524190,820110,3
524190,838321,2
524207,10065,6
524207,520002,11
524207,521158,5
524207,523591,1
524207,524208,1
524207,524238,10
524208,10065,9
524208,125395,1
524208,160961,1
524208,168233,1
524208,177456,2
524208,227118,1
524208,267717,1
524208,417297,1
524208,519868,3
524208,519970,8
524208,520002,43
524208,520908,1
524208,520909,1
524208,520916,49
524208,520917,2
524208,520918,2
524208,521108,2
524208,521158,75
524208,521399,2
524208,521470,1
524208,523591,114
524208,523941,1
524208,524207,6
524208,524235,1
524208,524238,53
524208,525105,24
524208,539005,1
524208,923221,1
524208,954509,2
524210,523591,3
524210,524207,6
524234,519970,100
524234,519971,2
524234,521158,1
524234,521470,2
524234,523591,8
524234,524164,4
524235,520002,1
524235,521158,1
524235,523591,22
524235,524208,1
524235,524238,10
524237,403849,1
524237,520916,46
524237,520919,2
524237,520920,3
524237,520921,2
524237,523591,9
524237,526711,1
524237,556286,2
524237,582095,3
524237,588642,4
524237,115573815,3
524237,451788176,2
524238,10065,3
524238,179461,1
524238,186492,1
524238,220227,1
524238,220480,1
524238,519868,1
524238,519970,14
524238,520002,195
524238,520909,1
524238,520916,57
524238,521158,58
524238,521399,1
524238,523591,7
524238,524207,9
524238,524208,44
524238,524235,2
524238,525105,32
524238,532513,1
524238,545695,2
524238,901019,1
524245,519981,10
524245,523039,2
524245,523839,1
524245,524284,2
524245,804941,7
524245,805598,2
524245,815344,13
524278,10065,2
524278,173792,4
524278,177456,4
524278,192525,1
524278,241283,5
524278,242344,1
524278,417297,1
524278,521108,2
524278,521399,1
524278,523591,41
524278,524164,2
524278,524238,1
524278,542600,5
524278,545695,2
524278,566569,3
524278,923221,4
524278,954509,1
524284,10030,5
524284,10118,2
524284,102946,1
524284,523591,159
524284,523897,2
524284,524245,20
524284,915526,2
524968,10065,5
524968,520002,1
524968,520787,4
524968,521108,10
524968,522961,1
524968,523509,1
524968,523591,2
524968,523675,6
524968,524208,1
524968,556286,8
525099,521158,1
525099,523591,22
525100,520787,3
525100,523591,2
525100,523828,2
525100,524208,6
525100,525105,108
525105,10065,2
525105,520002,121
525105,521158,36
525105,523591,21
525105,523941,7
525105,524208,34
525105,524238,66
525105,524968,1
525105,525100,3
526711,238985,3
526711,341776,1
526711,403849,3
526711,520916,70
526711,520919,2
526711,520920,1
526711,520921,1
526711,523591,5
526711,524208,1
526711,524238,1
526711,535897,2
526711,556286,7
526711,582095,3
526711,115573815,7
532513,10065,1
532513,520787,1
532513,521108,1
532513,521158,2
532513,523591,3
532513,524208,2
532513,524284,1
535897,520916,46
535897,520926,3
535897,521158,2
535897,523591,11
535897,524164,2
535897,526711,2
535897,556286,2
535897,451788176,1
539005,10065,1
539005,168233,4
539005,173792,3
539005,177456,1
539005,190022,1
539005,241283,7
539005,417297,1
539005,520787,4
539005,521399,7
539005,523591,3
539005,523828,1
539005,524208,4
539005,542600,2
539005,545695,1
539005,923221,1
539005,954509,3
542600,10065,2
542600,168233,2
542600,177456,2
542600,242344,1
542600,417297,3
542600,520002,1
542600,520787,2
542600,521158,6
542600,523591,44
542600,524238,2
542600,524278,3
542600,539005,1
542600,545695,1
545695,10065,1
545695,168233,6
545695,173792,2
545695,177456,3
545695,190022,3
545695,192525,2
545695,227118,3
545695,242344,5
545695,520787,9
545695,521158,3
545695,521399,10
545695,523591,11
545695,523828,1
545695,524164,1
545695,524208,1
545695,524238,1
545695,524278,1
545695,539005,1
545695,542600,3
545695,923221,1
556286,10065,3
556286,10118,4
556286,145394,1
556286,237101,1
556286,267717,1
556286,519866,1
556286,520002,1
556286,520787,4
556286,520916,1
556286,521108,10
556286,521399,1
556286,522961,4
556286,523828,1
556286,523839,1
556286,523843,1
556286,523897,1
556286,524968,16
556286,817655,1
566569,10118,2
566569,168233,5
566569,173792,5
566569,177456,2
566569,190022,1
566569,192525,2
566569,217189,1
566569,241283,2
566569,417297,2
566569,520787,7
566569,521399,2
566569,523591,6
566569,523828,3
566569,524164,3
566569,524278,6
566569,542600,1
566569,954509,4
582095,238985,2
582095,341776,1
582095,520916,50
582095,520918,1
582095,520919,2
582095,520926,2
582095,523591,6
582095,524208,1
582095,524237,1
582095,524238,1
582095,526711,1
582095,556286,2
582095,588642,1
588642,238985,10
588642,341776,2
588642,403849,1
588642,520787,2
588642,520916,74
588642,520919,5
588642,520920,5
588642,520921,2
588642,523591,5
588642,524237,1
588642,526711,1
588642,556286,10
588642,115573815,3
588642,282427758,4
800061,522961,1
800061,801173,1
800636,801173,1
800636,815344,2
801079,803698,2
801079,838321,1
801173,800061,1
801173,804941,1
801173,807281,2
801173,934091,5
801685,802361,2
801685,803412,1
801824,802072,3
802072,801824,1
802361,803237,1
802361,803412,1
802361,807906,1
802509,802361,1
802509,815344,3
803237,800061,2
803237,803412,2
803412,805598,3
803698,801079,2
803698,801824,1
803698,802072,1
803698,804257,1
803698,815678,3
803698,817347,2
803698,818842,1
803698,838321,1
804257,801079,1
804257,815678,4
804941,800061,1
804941,803412,1
804941,805598,2
805598,934091,1
806599,807281,2
807281,805598,1
807906,803412,2
810541,1050111955,1
815344,800636,2
815344,802361,2
815344,805598,1
815344,807281,1
815344,934091,1
815678,801824,3
815678,802072,2
817347,803698,1
817655,800636,1
817655,801685,5
817655,802361,11
817655,803237,5
817655,803412,4
817655,804465,7
817655,806599,1
817655,807906,8
817655,815344,1
818842,803698,2
838321,801079,2
838321,801824,1
838321,803698,1
838321,818842,2
901019,102946,4
901019,140899,2
901019,186492,3
901019,519867,1
901019,520002,1
901019,521158,1
901019,523591,22
901019,523827,1
901019,524163,1
901019,524284,8
901019,556286,1
915526,10118,1
915526,89840,3
915526,118920,1
915526,145394,1
915526,186492,2
915526,508478,1
915526,523591,4
915526,523827,1
915526,524163,2
915526,524164,2
915526,524284,8
923221,10065,4
923221,168233,2
923221,177456,1
923221,190022,2
923221,227118,2
923221,241283,3
923221,242344,1
923221,520787,1
923221,521108,1
923221,521158,2
923221,523591,11
923221,524278,4
923221,545695,1
923221,566569,1
923221,954509,4
934091,800061,2
954509,10065,2
954509,173792,1
954509,227118,4
954509,242344,1
954509,521158,2
954509,523591,26
954509,524208,3
954509,524278,2
954509,539005,3
954509,566569,1
115573815,238985,3
115573815,520916,14
115573815,520919,1
115573815,520920,1
115573815,523591,1
115573815,526711,4
115573815,556286,1
282427758,341776,3
282427758,520916,15
282427758,520919,2
282427758,520921,1
282427758,523591,2
282427758,535897,2
282427758,556286,2
282427758,582095,1
282427758,588642,6
282427758,115573815,1
282427758,451788176,2
451788176,341776,1
451788176,403849,1
451788176,520916,23
451788176,520919,3
451788176,520920,1
451788176,520926,2
451788176,523591,1
451788176,535897,1
451788176,556286,2
451788176,582095,1
451788176,588642,1
451788176,115573815,1
615060822,10118,1
615060822,523828,1
1050111955,806599,1
1050111955,810541,1
