path,hops,total_weight,bottleneck_weight
519971->519970->10065->801079,3,126,30
521470->519970->10065->801079,3,134,30
524234->519970->10065->801079,3,176,30
519971->519970->10065->815678,3,96,16
521470->519970->10065->815678,3,104,16
524234->519970->10065->815678,3,146,16
524163->524284->524245->815344,3,50,13
519971->519970->10065->838321,3,92,12
521470->519970->10065->838321,3,100,12
524234->519970->10065->838321,3,142,12
227118->524208->10065->801079,3,64,9
227118->524208->10065->803698,3,27,9
227118->524208->10065->815678,3,34,9
227118->524208->10065->838321,3,30,9
519971->519970->10065->803698,3,89,9
521470->519970->10065->803698,3,97,9
524234->519970->10065->803698,3,139,9
227118->524208->10065->801824,3,26,8
519971->519970->10065->801824,3,88,8
521470->519970->10065->801824,3,96,8
