source_layer,target_layer,total_weight,n_unique_source_neurons,n_unique_target_neurons,n_directed_connections
abdomen,abdomen,5448,247,273,1301
abdomen,ascending,734,100,132,259
abdomen,descending,166,84,60,125
abdomen,front_leg,1,1,1,1
abdomen,haltere,5,3,3,4
abdomen,hind_leg,11,4,4,4
abdomen,mechanosensation,1,1,1,1
abdomen,neck,1,1,1,1
abdomen,other_sensory,10,5,3,5
abdomen,proprioception,6,6,4,6
abdomen,unknown,403,74,107,149
abdomen,vnc,7285,246,891,1884
abdomen,wing,10,1,2,2
ascending,abdomen,33926,396,289,4132
ascending,ascending,656576,1846,1846,110502
ascending,central_brain,1872657,1839,18341,229449
ascending,descending,572657,1822,1314,66490
ascending,endocrine,7577,137,61,704
ascending,front_leg,17714,407,133,2146
ascending,gustation,15976,211,1138,3240
ascending,haltere,7679,334,18,635
ascending,hind_leg,11113,264,121,1361
ascending,mechanosensation,46295,400,3290,11681
ascending,middle_leg,11026,262,116,1384
ascending,neck,70377,616,45,3560
ascending,olfaction,16,4,13,13
ascending,optic_lobe,89751,1301,3401,12493
ascending,other_motor,10550,472,15,867
ascending,other_sensory,6857,74,54,253
ascending,proboscis,3104,174,55,446
ascending,proprioception,35606,616,1117,5613
ascending,unknown,40132,901,1351,6450
ascending,vnc,1594252,1813,13012,294314
ascending,wing,31765,743,76,2880
central_brain,abdomen,73,1,6,6
central_brain,ascending,212029,12282,1746,60279
central_brain,central_brain,34364111,32159,32160,6814804
central_brain,descending,2732690,19716,1308,299332
central_brain,endocrine,45437,1313,66,6879
central_brain,gustation,34525,559,347,4834
central_brain,haltere,2,1,1,1
central_brain,hygrosensation,14829,306,66,2660
central_brain,mechanosensation,62438,1333,1385,14015
central_brain,neck,52319,909,21,2621
central_brain,olfaction,246467,766,2639,80017
central_brain,optic_lobe,1216629,15702,11109,223844
central_brain,other_motor,37146,1487,15,2816
central_brain,other_sensory,6,2,1,2
central_brain,proboscis,99945,899,67,6747
central_brain,proprioception,2309,298,230,912
central_brain,thermosensation,10746,250,25,1129
central_brain,unknown,18562,1676,187,3272
central_brain,vnc,415,3,100,103
central_brain,wing,38,13,5,16
descending,abdomen,73398,456,294,6233
descending,ascending,427455,1314,1839,63640
descending,central_brain,864565,1301,18537,177643
descending,descending,598721,1314,1314,75273
descending,endocrine,2269,93,54,471
descending,front_leg,28358,459,137,3164
descending,gustation,6982,67,583,1157
descending,haltere,11914,389,18,664
descending,hind_leg,25306,336,128,2054
descending,hygrosensation,9,6,8,9
descending,mechanosensation,27362,243,2449,4917
descending,middle_leg,26911,293,117,2085
descending,neck,105334,773,45,4287
descending,olfaction,153,8,136,140
descending,optic_lobe,55757,1070,8811,18126
descending,other_motor,20117,626,15,1604
descending,other_sensory,207,26,49,101
descending,proboscis,14385,298,59,1417
descending,proprioception,2098,265,570,996
descending,thermosensation,12,4,8,8
descending,unknown,28922,751,979,3397
descending,vision,5,2,5,5
descending,vnc,1718740,1305,12787,246066
descending,wing,53312,718,76,4204
endocrine,ascending,79,23,40,57
endocrine,central_brain,2022,51,620,723
endocrine,descending,185,26,54,91
endocrine,endocrine,589,60,64,312
endocrine,optic_lobe,9,4,6,6
endocrine,unknown,17,7,12,16
front_leg,ascending,99,48,72,91
front_leg,descending,60,34,40,50
front_leg,front_leg,548,95,101,280
front_leg,mechanosensation,8,2,5,5
front_leg,neck,37,5,4,5
front_leg,proprioception,6,5,5,6
front_leg,unknown,2,2,2,2
front_leg,vnc,1301,114,629,995
gustation,ascending,214449,1388,470,22462
gustation,central_brain,163173,351,1216,21638
gustation,descending,17283,960,134,3124
gustation,endocrine,14,6,8,10
gustation,gustation,181171,1424,1426,39944
gustation,hind_leg,1,1,1,1
gustation,mechanosensation,1033,384,282,825
gustation,olfaction,7,5,7,7
gustation,other_sensory,116,32,8,34
gustation,proboscis,26,14,4,15
gustation,proprioception,27,21,14,21
gustation,unknown,709,191,86,299
gustation,vnc,128223,1145,1616,23608
gustation,wing,1,1,1,1
haltere,abdomen,7,5,4,5
haltere,ascending,19,9,14,15
haltere,descending,18,6,15,16
haltere,haltere,11,9,8,10
haltere,hind_leg,2,2,2,2
haltere,mechanosensation,2,2,2,2
haltere,neck,3,2,3,3
haltere,proprioception,2,1,2,2
haltere,unknown,2,2,2,2
haltere,vnc,143,17,103,108
haltere,wing,3,3,3,3
hind_leg,abdomen,54,13,18,23
hind_leg,ascending,249,75,105,172
hind_leg,descending,208,82,80,169
hind_leg,haltere,6,4,5,5
hind_leg,hind_leg,1725,123,127,658
hind_leg,mechanosensation,10,5,10,10
hind_leg,proprioception,39,19,22,29
hind_leg,unknown,6,4,3,4
hind_leg,vnc,6353,131,1639,4035
hind_leg,wing,5,3,3,4
hygrosensation,central_brain,52470,66,623,5911
hygrosensation,descending,568,36,9,42
hygrosensation,hygrosensation,2296,66,65,553
hygrosensation,olfaction,10,9,9,10
hygrosensation,thermosensation,40,16,12,22
mechanosensation,abdomen,1046,65,20,222
mechanosensation,ascending,379969,3833,736,69014
mechanosensation,central_brain,341186,1602,2806,57621
mechanosensation,descending,145932,3293,598,24324
mechanosensation,front_leg,827,107,17,245
mechanosensation,gustation,658,252,319,513
mechanosensation,haltere,1322,36,6,113
mechanosensation,hind_leg,3450,298,40,780
mechanosensation,mechanosensation,205103,4091,4090,79939
mechanosensation,middle_leg,2294,297,34,618
mechanosensation,neck,124,9,7,19
mechanosensation,olfaction,5,1,4,4
mechanosensation,optic_lobe,2729,594,37,952
mechanosensation,other_motor,763,110,5,129
mechanosensation,other_sensory,8,7,5,7
mechanosensation,proboscis,1335,89,43,294
mechanosensation,proprioception,571,281,114,335
mechanosensation,unknown,3352,1097,416,1743
mechanosensation,vnc,875010,2558,4881,170697
mechanosensation,wing,195,46,14,61
middle_leg,abdomen,1,1,1,1
middle_leg,ascending,120,36,57,64
middle_leg,descending,82,45,46,66
middle_leg,mechanosensation,36,3,21,21
middle_leg,middle_leg,578,94,95,306
middle_leg,proprioception,28,10,16,19
middle_leg,unknown,57,3,7,7
middle_leg,vnc,2169,110,931,1609
middle_leg,wing,101,16,13,23
neck,ascending,237,39,145,199
neck,central_brain,657,20,262,439
neck,descending,527,37,229,402
neck,front_leg,9,4,4,5
neck,haltere,3,2,3,3
neck,neck,512,43,40,201
neck,optic_lobe,75,17,33,51
neck,other_motor,52,18,13,40
neck,proboscis,9,2,7,7
neck,proprioception,57,20,47,52
neck,unknown,45,16,6,23
neck,vnc,129,23,101,113
neck,wing,8,4,6,6
olfaction,ascending,63,25,2,25
olfaction,central_brain,1164765,2639,1090,158893
olfaction,descending,520,325,9,349
olfaction,gustation,7,5,7,7
olfaction,hygrosensation,66,36,22,44
olfaction,olfaction,184577,2636,2637,70494
olfaction,optic_lobe,4,3,3,3
olfaction,thermosensation,45,24,9,29
olfaction,unknown,130,57,7,57
optic_lobe,ascending,8212,1614,529,3493
optic_lobe,central_brain,4009503,11611,18204,608551
optic_lobe,descending,323796,9391,1056,38444
optic_lobe,endocrine,54,18,10,28
optic_lobe,mechanosensation,305,13,150,196
optic_lobe,neck,5160,122,20,295
optic_lobe,olfaction,1,1,1,1
optic_lobe,optic_lobe,48946584,98300,99143,12390832
optic_lobe,other_motor,1288,170,15,234
optic_lobe,proboscis,5,2,2,2
optic_lobe,proprioception,387,4,67,109
optic_lobe,unknown,1489,425,132,547
optic_lobe,vision,167297,6501,4069,17288
other_motor,ascending,113,14,73,88
other_motor,central_brain,943,15,541,697
other_motor,descending,385,15,241,299
other_motor,mechanosensation,5,2,4,4
other_motor,neck,118,12,20,51
other_motor,optic_lobe,104,12,57,79
other_motor,other_motor,119,13,14,40
other_motor,proboscis,10,4,7,9
other_motor,proprioception,12,5,12,12
other_motor,unknown,10,4,3,4
other_motor,wing,2,2,2,2
other_sensory,abdomen,718,26,42,94
other_sensory,ascending,28275,58,248,1160
other_sensory,central_brain,66,1,20,20
other_sensory,descending,571,51,39,156
other_sensory,gustation,121,9,41,44
other_sensory,mechanosensation,7,5,5,5
other_sensory,other_sensory,3466,51,52,482
other_sensory,proprioception,1,1,1,1
other_sensory,unknown,959,51,306,452
other_sensory,vnc,26615,57,956,3429
proboscis,ascending,163,43,61,109
proboscis,central_brain,26221,65,858,4687
proboscis,descending,2042,55,248,919
proboscis,endocrine,26,3,7,7
proboscis,gustation,1,1,1,1
proboscis,mechanosensation,74,20,27,43
proboscis,neck,25,8,7,10
proboscis,optic_lobe,57,8,11,15
proboscis,other_motor,62,9,5,12
proboscis,proboscis,5955,62,63,606
proboscis,unknown,240,40,39,90
proprioception,abdomen,3925,242,79,642
proprioception,ascending,166037,1430,1463,27905
proprioception,central_brain,52209,417,1310,11462
proprioception,descending,17296,879,561,4746
proprioception,front_leg,4193,102,92,596
proprioception,gustation,29,14,22,23
proprioception,haltere,5207,327,17,595
proprioception,hind_leg,6279,239,93,988
proprioception,mechanosensation,596,92,244,307
proprioception,middle_leg,8012,193,111,1105
proprioception,neck,13715,475,43,1788
proprioception,optic_lobe,1768,178,44,368
proprioception,other_motor,837,176,11,205
proprioception,proprioception,28250,1384,1376,10569
proprioception,unknown,3101,421,134,686
proprioception,vnc,671058,1453,9951,114445
proprioception,wing,20408,693,75,2620
thermosensation,central_brain,47800,25,493,2562
thermosensation,descending,477,22,13,29
thermosensation,hygrosensation,30,12,16,18
thermosensation,olfaction,5,4,4,5
thermosensation,optic_lobe,1,1,1,1
thermosensation,thermosensation,2016,24,24,90
unknown,abdomen,15486,668,285,3338
unknown,ascending,154530,1717,1123,23943
unknown,central_brain,65432,197,2896,10394
unknown,descending,22336,1072,652,4387
unknown,endocrine,1810,71,36,207
unknown,front_leg,496,54,56,155
unknown,gustation,352,81,166,212
unknown,haltere,118,20,11,34
unknown,hind_leg,381,35,48,83
unknown,hygrosensation,1,1,1,1
unknown,mechanosensation,3300,404,1115,1748
unknown,middle_leg,661,24,53,73
unknown,neck,250,14,28,51
unknown,olfaction,47,4,29,29
unknown,optic_lobe,7866,107,1111,1465
unknown,other_motor,59,7,7,12
unknown,other_sensory,755,291,44,416
unknown,proboscis,3149,77,59,270
unknown,proprioception,766,112,306,426
unknown,thermosensation,3,1,3,3
unknown,unknown,101201,1546,1566,37077
unknown,vision,122,15,41,41
unknown,vnc,411165,1676,6911,79942
unknown,wing,1312,58,56,233
vision,descending,3,3,2,3
vision,optic_lobe,477171,4036,22881,63347
vision,unknown,115,26,19,26
vision,vision,48401,2647,2653,2804
vnc,abdomen,762570,3318,295,51304
vnc,ascending,1636228,12631,1831,274731
vnc,central_brain,24,18,3,19
vnc,descending,145734,9925,1275,47788
vnc,front_leg,246066,2449,141,23902
vnc,gustation,44029,372,1092,6936
vnc,haltere,38635,1762,18,3755
vnc,hind_leg,369288,3246,131,27083
vnc,mechanosensation,136778,1657,2539,30002
vnc,middle_leg,361977,2956,117,26801
vnc,neck,35029,991,25,2607
vnc,other_sensory,1037,249,54,467
vnc,proprioception,137518,3931,1449,21532
vnc,unknown,102432,3709,1583,22454
vnc,vnc,11040961,13141,13149,1831323
vnc,wing,528308,4651,76,30357
wing,abdomen,1037,6,34,54
wing,ascending,1539,45,232,342
wing,central_brain,274,2,60,61
wing,descending,639,39,200,246
wing,front_leg,3,2,2,2
wing,haltere,426,7,11,22
wing,hind_leg,127,2,6,11
wing,mechanosensation,5,2,2,2
wing,middle_leg,59,12,19,27
wing,neck,588,2,12,14
wing,optic_lobe,6,2,5,5
wing,other_motor,571,2,7,11
wing,proboscis,3,1,2,2
wing,proprioception,43,21,34,38
wing,unknown,123,13,16,33
wing,vnc,7802,75,1791,2759
wing,wing,3394,68,70,449
