input_category,output_category,reachable,shortest_path_hops,weighted_shortest_path,n_pairs_within_hops,max_flow,max_flow_frac_of_input_output,max_flow_frac_of_output_input
vision,front_leg,true,3.0,0.06297059015235693,32713,293834,0.5589491905876086,0.9853092567442953
vision,middle_leg,true,3.0,0.0630316767266014,29778,409716,0.7793870912514981,0.9956210906934813
vision,hind_leg,true,3.0,0.06277148273519409,27133,414832,0.7891190625653902,0.9931742493709345
vision,wing,true,3.0,0.06629280720642904,36656,474396,0.902425383781316,0.7425641218291275
vision,haltere,true,3.0,0.06825819279283195,5967,64571,0.1228309459947878,0.98841231937301
vision,neck,true,2.0,0.06332292997387483,50699,279030,0.5307881070592935,0.9839135095489294
vision,proboscis,true,2.0,0.07410205292187019,11610,121099,0.23036200041849758,0.9466332098244298
vision,abdomen,true,2.0,0.06848391874342635,105288,474396,0.902425383781316,0.5284636438677538
vision,endocrine,true,2.0,0.088915628314907,46390,54625,0.10391105023873386,0.9454617834394905
vision,other_motor,true,2.0,0.06374064091790156,28653,71445,0.13590709353421218,0.9983371527583701
olfaction,front_leg,true,2.0,0.017589064654046003,216895,293834,0.2176262815912284,0.9853092567442953
olfaction,middle_leg,true,2.0,0.015411285582809622,194476,409716,0.3034535472015891,0.9956210906934813
olfaction,hind_leg,true,2.0,0.01513973483926295,190193,414832,0.30724268003380295,0.9931742493709345
olfaction,wing,true,2.0,0.02136759817350776,151984,616129,0.45633202165345726,0.9644164154387019
olfaction,haltere,true,2.0,0.02177664631847442,27850,64571,0.04782410009946844,0.98841231937301
olfaction,neck,true,2.0,0.015846079027991185,91014,279030,0.2066617932315541,0.9839135095489294
olfaction,proboscis,true,2.0,0.019723437204797464,153367,121099,0.0896912034496218,0.9466332098244298
olfaction,abdomen,true,2.0,0.023226533714227046,530042,533843,0.3953874195753594,0.5946859101537392
olfaction,endocrine,true,2.0,0.03598134321698475,147756,54625,0.04045765851440219,0.9454617834394905
olfaction,other_motor,true,2.0,0.01952343619084053,38104,71445,0.05291528444048447,0.9983371527583701
gustation,front_leg,true,2.0,0.020413271476436883,199052,293834,0.4160581564441197,0.9853092567442953
gustation,middle_leg,true,2.0,0.019660217214872554,166230,409716,0.5801428140571171,0.9956210906934813
gustation,hind_leg,true,1.0,0.022804294567625418,184594,414832,0.5873868822329175,0.9931742493709345
gustation,wing,true,1.0,0.024146451033243484,107943,436782,0.618467276380458,0.683687556937179
gustation,haltere,true,2.0,0.028879854369548773,25575,64571,0.09143016539867155,0.98841231937301
gustation,neck,true,2.0,0.024206785909573078,64103,279030,0.3950962359447944,0.9839135095489294
gustation,proboscis,true,1.0,0.014540519177968218,90334,121099,0.17147173808077504,0.9466332098244298
gustation,abdomen,true,2.0,0.025621879759432656,420541,436790,0.6184786040867533,0.48657163004113896
gustation,endocrine,true,1.0,0.023369565217391305,85681,54625,0.07734699454712539,0.9454617834394905
gustation,other_motor,true,2.0,0.02322173461640767,21403,71445,0.10116349703284894,0.9983371527583701
mechanosensation,front_leg,true,1.0,0.013944568682350944,583496,293886,0.14949343270872725,0.9854836275841256
mechanosensation,middle_leg,true,1.0,0.010488665101649287,486932,409731,0.20842127109552522,0.9956575411039128
mechanosensation,hind_leg,true,1.0,0.01539135069285823,543520,415149,0.21117729015875342,0.9939331981430893
mechanosensation,wing,true,1.0,0.01601479915433404,317107,616129,0.31341145614760624,0.9644164154387019
mechanosensation,haltere,true,1.0,0.013315525335923587,75035,64571,0.032845866912460026,0.98841231937301
mechanosensation,neck,true,1.0,0.015042253521126762,188135,279030,0.14193650779117128,0.9839135095489294
mechanosensation,proboscis,true,1.0,0.003354165203754418,261295,121099,0.06160043420780221,0.9466332098244298
mechanosensation,abdomen,true,1.0,0.01625741925639327,1221447,533911,0.27158894316486415,0.5947616602186281
mechanosensation,endocrine,true,2.0,0.031848796688307535,235610,54625,0.027786552478560482,0.9454617834394905
mechanosensation,other_motor,true,1.0,0.01418725159732354,62780,71445,0.03634252158957901,0.9983371527583701
proprioception,front_leg,true,1.0,0.01,202978,295305,0.29444521995772344,0.9902419395402646
proprioception,middle_leg,true,1.0,0.007518796992481203,169822,410364,0.4091692258604874,0.9971957484241273
proprioception,hind_leg,true,1.0,0.010411504571775237,190053,415394,0.41418458102341166,0.9945197673833984
proprioception,wing,true,1.0,0.009495785179183192,110418,617538,0.6157400390858693,0.9666218995651643
proprioception,haltere,true,1.0,0.011627906976744186,26147,65317,0.0651268296574004,0.9998316189076659
proprioception,neck,true,1.0,0.014925373134328358,65381,279082,0.27826945319666574,0.9840968715619622
proprioception,proboscis,true,2.0,0.02762780697563306,86352,121099,0.12074642045227935,0.9466332098244298
proprioception,abdomen,true,1.0,0.01143599740090968,422253,536948,0.5353846767439078,0.5981447917931488
proprioception,endocrine,true,2.0,0.02582492643968054,73371,54631,0.05447194192956567,0.9455656327887012
proprioception,other_motor,true,1.0,0.022381756756756757,21790,71445,0.07123698799505444,0.9983371527583701
hygrosensation,front_leg,true,2.0,0.025024482975821424,7795,53088,0.9585439838220424,0.17801921432523515
hygrosensation,middle_leg,true,2.0,0.022767019867286048,6784,53088,0.9585439838220424,0.12900529259959467
hygrosensation,hind_leg,true,2.0,0.022495469123739377,7133,53088,0.9585439838220424,0.12710117481439273
hygrosensation,wing,true,2.0,0.028723332457984186,4825,53088,0.9585439838220424,0.08309775820130169
hygrosensation,haltere,true,2.0,0.02913238060295085,1071,53088,0.9585439838220424,0.8126377663482733
hygrosensation,neck,true,2.0,0.02320181331246761,2827,53088,0.9585439838220424,0.18719851053626335
hygrosensation,proboscis,true,2.0,0.02707917148927389,4292,53088,0.9585439838220424,0.4149899160452136
hygrosensation,abdomen,true,2.0,0.0316521152619743,17980,53088,0.9585439838220424,0.05913852124733621
hygrosensation,endocrine,true,2.0,0.033735245960631904,4185,53088,0.9585439838220424,0.9188590418166713
hygrosensation,other_motor,true,2.0,0.02687917047531696,990,53088,0.9585439838220424,0.7418254988541725
thermosensation,front_leg,true,2.0,0.01704921727081777,3376,47593,0.9456377039082835,0.1595929111547038
thermosensation,middle_leg,true,2.0,0.014791754162282395,2871,47593,0.9456377039082835,0.11565229224481068
thermosensation,hind_leg,true,2.0,0.014520203418735722,3165,47593,0.9456377039082835,0.11394526471031859
thermosensation,wing,true,2.0,0.02074806675298053,1889,47593,0.9456377039082835,0.07449652663642539
thermosensation,haltere,true,2.0,0.021157114897947193,448,47593,0.9456377039082835,0.7285237570413912
thermosensation,neck,true,2.0,0.015226547607463956,1123,47593,0.9456377039082835,0.16782208242827723
thermosensation,proboscis,true,2.0,0.019103905784270236,1656,47593,0.9456377039082835,0.37203539546300207
thermosensation,abdomen,true,2.0,0.023161323020316104,7328,47593,0.9456377039082835,0.05301724762139226
thermosensation,endocrine,true,2.0,0.037085032496495474,1625,47593,0.9456377039082835,0.8237503461644974
thermosensation,other_motor,true,2.0,0.018903904770313305,375,47593,0.9456377039082835,0.6650410821083226
other_sensory,front_leg,true,2.0,0.026212025273530185,8157,56838,0.9348509021529959,0.19059403450530657
other_sensory,middle_leg,true,2.0,0.021417207042358263,6783,56838,0.9348509021529959,0.13811789520750004
other_sensory,hind_leg,true,2.0,0.019298245614035085,7593,56838,0.9348509021529959,0.1360792754313678
other_sensory,wing,true,2.0,0.022729012111015343,4408,56838,0.9348509021529959,0.08896757046122637
other_sensory,haltere,true,2.0,0.036948756941422155,1044,56838,0.9348509021529959,0.8700404114621602
other_sensory,neck,true,2.0,0.024867494164770992,2610,56838,0.9348509021529959,0.20042173262997545
other_sensory,proboscis,true,2.0,0.02556546150944491,3823,56838,0.9348509021529959,0.44430373809858825
other_sensory,abdomen,true,1.0,0.014285714285714285,17109,57333,0.9429924834290038,0.06386733044517645
other_sensory,endocrine,true,2.0,0.03443860454127328,3707,54625,0.8984522771756115,0.9454617834394905
other_sensory,other_motor,true,2.0,0.02845507240668531,870,56838,0.9348509021529959,0.7942261472248616
