"source","target","weight"
11722,10039,369
147261,10039,153
152840,10039,143
284852,10039,141
209237,10039,139
223367,10039,136
196930,10039,135
178293,10039,133
67052,10039,131
213739,10039,129
530777,10039,125
175652,10039,124
180333,10039,123
125324,10039,123
179507,10039,122
167653,10039,121
165072,10039,121
10169,10039,121
283011,10039,119
188158,10039,119
172699,10039,119
164962,10039,117
204265,10039,114
12354,10039,114
583601,10039,113
167898,10039,112
176575,10039,111
172754,10039,111
100766,10039,111
174920,10039,110
21567,10039,108
226818,10039,104
174595,10039,103
170747,10039,103
125525,10039,102
196818,10039,99
259549170,10039,97
383372,10039,95
334671,10039,95
213631,10039,91
193476,10039,90
272314,10039,86
202796,10039,84
220234,10039,74
56072,10039,69
286635,10039,67
10650,10039,65
381614,10039,64
297530,10039,64
520002,10039,57
21267,10039,56
12320,10039,56
10929,10039,56
28525,10039,54
10254,10039,54
232221,10039,52
43785,10039,52
421015,10039,51
10942,10039,51
10515,10039,51
10140,10039,51
10540,10039,50
11501,10039,49
195421,10039,48
38916,10039,48
11788,10039,48
11478,10039,48
11345,10039,48
10456,10039,48
219187,10039,47
15183,10039,47
11379,10039,47
27416,10039,44
15507,10039,44
242993,10039,43
11736,10039,43
524238,10039,42
27614,10039,42
11744,10039,42
523591,10039,41
11993,10039,41
11725,10039,41
201164,10039,40
11914,10039,40
11281,10039,39
276800,10039,38
11620,10039,38
11289,10039,38
227075,10039,37
178936,10039,37
160961,10039,36
11992,10039,36
11922,10039,36
215146,10039,34
195524,10039,33
152651,10039,33
23854,10039,33
731690205,10039,32
11828,10039,32
267437,10039,31
247362,10039,31
217817,10039,31
214109,10039,31
49910,10039,31
11244,10039,31
138786,10039,30
13821,10039,30
12111,10039,30
521290,10039,29
343998,10039,29
247232,10039,29
217665,10039,29
189921,10039,29
12534,10039,28
10473,10039,28
571002,10039,27
162905,10039,27
26766,10039,27
10209,10039,27
521158,10039,26
519242,10039,26
24828,10039,26
11342,10039,26
258241,10039,24
259761,10039,24
12896,10039,24
524208,10039,23
276636,10039,23
16921,10039,23
10201,10039,23
555817,10039,22
521222,10039,22
192978,10039,22
150217,10039,22
943260,10039,21
529602,10039,21
237915,10039,21
299852,10039,20
235895,10039,20
38805,10039,20
13315,10039,20
13232,10039,20
260859,10039,19
231573,10039,19
30806,10039,18
564824,10039,17
258608,10039,17
243394,10039,17
17371,10039,17
13944,10039,17
12511,10039,17
11123,10039,17
265512,10039,16
250880,10039,16
233711,10039,16
18909,10039,16
13716,10039,16
12541,10039,16
230251,10039,15
219962,10039,15
68850,10039,15
22665,10039,15
13906,10039,15
11608,10039,15
258881,10039,14
270384,10039,13
226223,10039,13
10647,10039,13
16511,10039,12
13386,10039,12
298264,10039,11
281674,10039,11
249537,10039,11
57772,10039,11
28588,10039,11
18994,10039,11
17107,10039,11
16437,10039,11
16422,10039,11
286648251,10039,10
525026,10039,10
521399,10039,10
18332,10039,10
11603,10039,10
130279,10039,9
32165,10039,9
19828,10039,9
10378,10039,9
915827,10039,8
201843,10039,8
43546,10039,8
26497,10039,8
18637,10039,8
566569,10039,7
513911,10039,7
226057,10039,7
42074,10039,7
25963,10039,7
16460,10039,7
918582,10039,6
521581,10039,6
194754,10039,6
29861,10039,6
18854,10039,6
13621,10039,6
255895,10039,5
231412,10039,5
211611,10039,5
124594,10039,5
63981,10039,5
62314,10039,5
53416,10039,5
50497,10039,5
50485,10039,5
36062,10039,5
32247,10039,5
12109,10039,5
10705,10039,5
10593,10039,5
550166,10039,4
527577,10039,4
193139,10039,4
94617,10039,4
56288,10039,4
44846,10039,4
42307,10039,4
35514,10039,4
34761,10039,4
34533,10039,4
32482,10039,4
30992,10039,4
22917,10039,4
16668,10039,4
14212,10039,4
12759,10039,4
12037,10039,4
11341,10039,4
282834,10039,3
267755,10039,3
241813,10039,3
174566,10039,3
173792,10039,3
164931,10039,3
159738,10039,3
91799,10039,3
90476,10039,3
69061,10039,3
56353,10039,3
51401,10039,3
47932,10039,3
28640,10039,3
25081,10039,3
19212,10039,3
18203,10039,3
13666,10039,3
13610,10039,3
10628,10039,3
10399,10039,3
957988,10039,2
925079,10039,2
545695,10039,2
544258,10039,2
541716,10039,2
537652,10039,2
519970,10039,2
519252,10039,2
400337,10039,2
393613,10039,2
263358,10039,2
241283,10039,2
193295,10039,2
163971,10039,2
139899,10039,2
116467,10039,2
105377,10039,2
104730,10039,2
98017,10039,2
88113,10039,2
82895,10039,2
70030,10039,2
66611,10039,2
57130,10039,2
56991,10039,2
56207,10039,2
53885,10039,2
52235,10039,2
49987,10039,2
48178,10039,2
48149,10039,2
46907,10039,2
46888,10039,2
41571,10039,2
38068,10039,2
36844,10039,2
34953,10039,2
32441,10039,2
32439,10039,2
28855,10039,2
27589,10039,2
26292,10039,2
26263,10039,2
26239,10039,2
23533,10039,2
20397,10039,2
13198,10039,2
12160,10039,2
10629,10039,2
10567,10039,2
10408,10039,2
10305,10039,2
954509,10039,1
921081,10039,1
566092,10039,1
564485,10039,1
551294,10039,1
542600,10039,1
537759,10039,1
525105,10039,1
521586,10039,1
521437,10039,1
520466,10039,1
516433,10039,1
514314,10039,1
513601,10039,1
512575,10039,1
328840,10039,1
219560,10039,1
213187,10039,1
202599,10039,1
195498,10039,1
195279,10039,1
195206,10039,1
189744,10039,1
180812,10039,1
177456,10039,1
165036,10039,1
155294,10039,1
142975,10039,1
140899,10039,1
138353,10039,1
137726,10039,1
137029,10039,1
135739,10039,1
128573,10039,1
125081,10039,1
124364,10039,1
123401,10039,1
120781,10039,1
120699,10039,1
119632,10039,1
119160,10039,1
116012,10039,1
110375,10039,1
108602,10039,1
107629,10039,1
106124,10039,1
103414,10039,1
98499,10039,1
96216,10039,1
91417,10039,1
90439,10039,1
87660,10039,1
86072,10039,1
85522,10039,1
85076,10039,1
84664,10039,1
84551,10039,1
81506,10039,1
78542,10039,1
76878,10039,1
76587,10039,1
75072,10039,1
73814,10039,1
73296,10039,1
73279,10039,1
71770,10039,1
70489,10039,1
70193,10039,1
69721,10039,1
68031,10039,1
66130,10039,1
65997,10039,1
63954,10039,1
63189,10039,1
62917,10039,1
62771,10039,1
62555,10039,1
62143,10039,1
62003,10039,1
61113,10039,1
60957,10039,1
59919,10039,1
59086,10039,1
58779,10039,1
57075,10039,1
56223,10039,1
55374,10039,1
54936,10039,1
54258,10039,1
53493,10039,1
52962,10039,1
51516,10039,1
50427,10039,1
50256,10039,1
49092,10039,1
48517,10039,1
46505,10039,1
46486,10039,1
45708,10039,1
45661,10039,1
45641,10039,1
45512,10039,1
45286,10039,1
44766,10039,1
44147,10039,1
42701,10039,1
41342,10039,1
41232,10039,1
40733,10039,1
40440,10039,1
38573,10039,1
38110,10039,1
36584,10039,1
35330,10039,1
34676,10039,1
33502,10039,1
33501,10039,1
33130,10039,1
32784,10039,1
30421,10039,1
29272,10039,1
26602,10039,1
26095,10039,1
26060,10039,1
25644,10039,1
25039,10039,1
24804,10039,1
23241,10039,1
23204,10039,1
23010,10039,1
21772,10039,1
20960,10039,1
18695,10039,1
16526,10039,1
16264,10039,1
16084,10039,1
16005,10039,1
15103,10039,1
14391,10039,1
14319,10039,1
13886,10039,1
13379,10039,1
12735,10039,1
12728,10039,1
12588,10039,1
12387,10039,1
12332,10039,1
11741,10039,1
11560,10039,1
11355,10039,1
10904,10039,1
10835,10039,1
10786,10039,1
10569,10039,1
10522,10039,1
10402,10039,1
10198,10039,1
10176,10039,1
10039,11722,357
10039,23854,290
10039,12354,248
10039,21567,227
10039,10650,210
10039,530777,186
10039,21166,141
10039,10929,120
10039,10169,113
10039,18854,112
10039,56072,110
10039,18637,108
10039,11993,105
10039,18695,104
10039,10942,104
10039,28525,102
10039,10201,101
10039,11501,99
10039,10629,99
10039,27614,98
10039,10065,97
10039,527577,97
10039,520002,97
10039,11281,94
10039,10140,94
10039,15501,92
10039,32441,92
10039,16422,91
10039,33165,90
10039,11478,89
10039,11914,86
10039,11744,84
10039,27416,84
10039,11244,80
10039,18108,78
10039,25644,78
10039,11379,77
10039,32165,76
10039,21772,74
10039,11922,74
10039,11289,74
10039,26766,74
10039,49910,72
10039,36062,72
10039,30806,72
10039,43785,71
10039,11620,70
10039,10540,70
10039,524238,70
10039,267437,70
10039,12111,69
10039,10254,69
10039,24828,68
10039,13666,67
10039,11828,66
10039,52616,66
10039,13556,65
10039,11725,65
10039,11736,62
10039,918582,61
10039,38916,60
10039,13389,56
10039,87660,56
10039,11992,55
10039,22917,54
10039,13610,54
10039,32862,54
10039,19391,53
10039,13315,52
10039,217665,52
10039,38024,52
10039,20397,51
10039,22665,49
10039,19694,48
10039,172084,45
10039,65997,45
10039,22977,44
10039,148860,43
10039,67052,43
10039,34089,43
10039,15920,42
10039,11603,42
10039,71770,42
10039,114089,41
10039,63578,40
10039,569213,39
10039,77442,39
10039,45761,39
10039,33501,39
10039,11342,38
10039,10456,38
10039,133053,38
10039,71120,38
10039,67721,38
10039,53655,38
10039,51113,38
10039,16084,37
10039,79832,37
10039,63482,37
10039,52394,37
10039,32250,37
10039,17371,36
10039,138353,36
10039,123894,36
10039,43546,36
10039,32835,36
10039,24959,36
10039,22671,35
10039,67665,35
10039,61113,35
10039,58014,35
10039,57075,35
10039,23076,34
10039,22031,34
10039,135739,34
10039,88023,34
10039,74668,34
10039,48886,34
10039,42182,34
10039,11345,33
10039,47834,33
10039,45512,33
10039,40376,33
10039,38351,33
10039,21826,32
10039,131946,32
10039,74359,32
10039,52581,32
10039,34914,32
10039,32784,32
10039,533509,31
10039,56900,31
10039,38068,31
10039,37701,31
10039,28588,31
10039,130875,30
10039,123280,30
10039,38805,30
10039,34535,30
10039,16264,29
10039,12320,29
10039,10209,29
10039,151134,29
10039,104745,29
10039,79777,29
10039,71494,29
10039,69089,29
10039,44766,29
10039,39893,29
10039,24394,29
10039,10515,28
10039,524208,28
10039,105264,28
10039,91799,28
10039,80832,28
10039,63189,28
10039,62891,28
10039,58027,28
10039,26292,28
10039,21860,27
10039,10628,27
10039,918516,27
10039,60957,27
10039,57331,27
10039,47932,27
10039,36825,27
10039,30992,27
10039,18968,26
10039,165036,26
10039,157864,26
10039,148337,26
10039,139510,26
10039,136240,26
10039,85516,26
10039,83418,26
10039,80172,26
10039,77479,26
10039,75072,26
10039,74814,26
10039,50256,26
10039,49594,26
10039,29289,26
10039,22705,25
10039,10402,25
10039,247232,25
10039,77158,25
10039,67474,25
10039,62159,25
10039,53108,25
10039,47792,25
10039,32698,25
10039,521158,24
10039,195279,24
10039,192978,24
10039,104755,24
10039,74682,24
10039,73195,24
10039,62314,24
10039,60354,24
10039,50485,24
10039,48888,24
10039,48517,24
10039,44745,24
10039,34063,24
10039,31733,24
10039,13821,23
10039,180812,23
10039,109321,23
10039,103144,23
10039,91595,23
10039,77219,23
10039,59733,23
10039,43380,23
10039,41729,23
10039,27151,23
10039,24151,23
10039,11788,22
10039,135247,22
10039,92106,22
10039,85986,22
10039,84664,22
10039,70489,22
10039,58159,22
10039,53885,22
10039,52544,22
10039,46299,22
10039,45927,22
10039,44275,22
10039,32439,22
10039,13832,21
10039,519242,21
10039,243735,21
10039,79931,21
10039,54345,21
10039,37662,21
10039,34761,21
10039,25963,21
10039,25039,21
10039,18575,20
10039,14319,20
10039,11123,20
10039,541716,20
10039,140636,20
10039,130400,20
10039,68692,20
10039,62771,20
10039,57568,20
10039,57403,20
10039,55111,20
10039,31550,20
10039,97772,19
10039,91497,19
10039,83381,19
10039,73279,19
10039,50497,19
10039,46505,19
10039,36725,19
10039,29608,19
10039,20322,18
10039,189744,18
10039,149792,18
10039,87642,18
10039,84278,18
10039,66038,18
10039,52536,18
10039,43407,18
10039,28855,18
10039,16668,17
10039,13716,17
10039,10297,17
10039,523591,17
10039,166005,17
10039,152889,17
10039,130279,17
10039,107852,17
10039,85522,17
10039,81820,17
10039,73750,17
10039,51516,17
10039,46888,17
10039,40921,17
10039,19234,16
10039,268292,16
10039,263358,16
10039,60329,16
10039,59923,16
10039,57772,16
10039,42608,16
10039,40740,16
10039,37293,16
10039,33256,16
10039,10646,15
10039,536292,15
10039,137029,15
10039,72939,15
10039,68572,15
10039,56083,15
10039,53535,15
10039,50427,15
10039,48833,15
10039,33229,15
10039,18043,14
10039,16508,14
10039,14391,14
10039,12735,14
10039,129321,14
10039,76648,14
10039,64400,14
10039,64153,14
10039,48782,14
10039,37904,14
10039,20986,13
10039,17107,13
10039,16460,13
10039,162392,13
10039,81233,13
10039,60468,13
10039,59086,13
10039,49661,13
10039,48452,13
10039,48110,13
10039,42338,13
10039,41393,13
10039,41232,13
10039,37619,13
10039,13596,12
10039,109755,12
10039,99958,12
10039,98499,12
10039,75578,12
10039,75045,12
10039,67619,12
10039,67208,12
10039,64440,12
10039,56353,12
10039,52196,12
10039,51350,12
10039,49752,12
10039,48483,12
10039,45641,12
10039,43500,12
10039,41174,12
10039,38573,12
10039,35715,12
10039,33340,12
10039,27319,12
10039,21409,11
10039,15517,11
10039,13068,11
10039,566569,11
10039,95358,11
10039,83604,11
10039,69967,11
10039,53256,11
10039,48009,11
10039,45183,11
10039,41339,11
10039,36031,11
10039,32247,11
10039,28730,11
10039,27284,11
10039,19828,10
10039,18994,10
10039,15329,10
10039,11608,10
10039,569775,10
10039,519297,10
10039,516967,10
10039,211611,10
10039,164103,10
10039,141107,10
10039,125081,10
10039,102084,10
10039,95585,10
10039,83921,10
10039,80079,10
10039,73814,10
10039,56288,10
10039,46693,10
10039,43312,10
10039,40059,10
10039,39674,10
10039,38991,10
10039,28159,10
10039,21267,9
10039,13664,9
10039,12332,9
10039,521290,9
10039,261849,9
10039,132048,9
10039,121241,9
10039,117383,9
10039,107027,9
10039,103701,9
10039,103414,9
10039,94674,9
10039,72102,9
10039,69061,9
10039,68996,9
10039,68031,9
10039,66611,9
10039,65379,9
10039,63981,9
10039,58779,9
10039,51567,9
10039,50804,9
10039,44579,9
10039,42499,9
10039,40440,9
10039,22833,8
10039,15183,8
10039,525026,8
10039,201843,8
10039,137726,8
10039,123401,8
10039,89250,8
10039,59919,8
10039,56207,8
10039,52825,8
10039,50304,8
10039,42074,8
10039,39002,8
10039,34524,8
10039,537803,7
10039,231412,7
10039,154433,7
10039,139899,7
10039,81427,7
10039,77963,7
10039,68319,7
10039,67535,7
10039,62740,7
10039,53173,7
10039,35281,7
10039,26060,7
10039,25353,7
10039,21709,6
10039,21663,6
10039,20270,6
10039,18190,6
10039,15507,6
10039,14212,6
10039,12896,6
10039,12588,6
10039,539342,6
10039,514510,6
10039,196930,6
10039,163971,6
10039,116467,6
10039,104632,6
10039,94170,6
10039,86877,6
10039,66076,6
10039,58127,6
10039,55306,6
10039,53360,6
10039,49532,6
10039,46332,6
10039,43635,6
10039,42181,6
10039,40260,6
10039,39989,6
10039,38051,6
10039,34712,6
10039,33957,6
10039,26263,6
10039,16649,5
10039,12534,5
10039,10567,5
10039,10473,5
10039,521399,5
10039,513911,5
10039,209237,5
10039,195206,5
10039,178936,5
10039,177456,5
10039,172699,5
10039,155294,5
10039,131434,5
10039,99589,5
10039,94701,5
10039,92278,5
10039,66130,5
10039,60071,5
10039,59037,5
10039,56991,5
10039,56018,5
10039,53283,5
10039,52702,5
10039,47026,5
10039,45869,5
10039,44858,5
10039,43753,5
10039,42598,5
10039,41812,5
10039,40733,5
10039,33605,5
10039,31412,5
10039,25081,5
10039,24030,5
10039,23194,4
10039,20229,4
10039,19212,4
10039,17812,4
10039,13621,4
10039,13386,4
10039,12109,4
10039,11664,4
10039,10593,4
10039,10378,4
10039,10038,4
10039,954509,4
10039,550166,4
10039,543762,4
10039,536171,4
10039,529602,4
10039,524845,4
10039,521384,4
10039,516097,4
10039,512575,4
10039,284852,4
10039,242344,4
10039,241813,4
10039,204265,4
10039,202599,4
10039,189068,4
10039,178293,4
10039,176575,4
10039,164931,4
10039,147959,4
10039,127148,4
10039,114432,4
10039,108602,4
10039,102990,4
10039,102475,4
10039,88113,4
10039,83891,4
10039,75333,4
10039,73011,4
10039,67663,4
10039,66383,4
10039,66249,4
10039,61908,4
10039,58975,4
10039,55374,4
10039,55001,4
10039,52572,4
10039,52446,4
10039,52338,4
10039,46893,4
10039,44147,4
10039,37891,4
10039,36844,4
10039,36584,4
10039,35425,4
10039,33228,4
10039,32276,4
10039,28019,4
10039,26953,4
10039,22504,3
10039,20287,3
10039,18235,3
10039,16437,3
10039,14821,3
10039,13890,3
10039,13209,3
10039,13024,3
10039,11624,3
10039,10705,3
10039,10569,3
10039,10522,3
10039,564824,3
10039,545293,3
10039,530660,3
10039,521222,3
10039,383372,3
10039,241283,3
10039,237915,3
10039,227075,3
10039,226057,3
10039,215146,3
10039,195498,3
10039,180920,3
10039,179507,3
10039,173157,3
10039,139773,3
10039,125324,3
10039,120699,3
10039,114058,3
10039,94617,3
10039,90476,3
10039,71796,3
10039,66543,3
10039,65316,3
10039,65284,3
10039,61260,3
10039,59261,3
10039,58053,3
10039,57130,3
10039,50070,3
10039,45708,3
10039,42104,3
10039,41227,3
10039,40761,3
10039,40542,3
10039,40486,3
10039,37342,3
10039,36573,3
10039,34676,3
10039,33659,3
10039,24804,3
10039,23991,3
10039,21889,2
10039,21790,2
10039,18824,2
10039,16513,2
10039,14510,2
10039,13560,2
10039,13198,2
10039,12667,2
10039,259549170,2
10039,10432,2
10039,10305,2
10039,10084,2
10039,957072,2
10039,925079,2
10039,921081,2
10039,579253,2
10039,555817,2
10039,545695,2
10039,542600,2
10039,524278,2
10039,516433,2
10039,514318,2
10039,400337,2
10039,393613,2
10039,305307,2
10039,297530,2
10039,283011,2
10039,276800,2
10039,242993,2
10039,223367,2
10039,220234,2
10039,196818,2
10039,195421,2
10039,193295,2
10039,174920,2
10039,174566,2
10039,173792,2
10039,167598,2
10039,152873,2
10039,151494,2
10039,147261,2
10039,109100,2
10039,94577,2
10039,91123,2
10039,74276,2
10039,58810,2
10039,58021,2
10039,56966,2
10039,56411,2
10039,55874,2
10039,54307,2
10039,53456,2
10039,52780,2
10039,51982,2
10039,51489,2
10039,49945,2
10039,49937,2
10039,49092,2
10039,48231,2
10039,47746,2
10039,47215,2
10039,46907,2
10039,46449,2
10039,43867,2
10039,43799,2
10039,41571,2
10039,40393,2
10039,37705,2
10039,37018,2
10039,34533,2
10039,34042,2
10039,33502,2
10039,33130,2
10039,32892,2
10039,32890,2
10039,31211,2
10039,30046,2
10039,29861,2
10039,29826,2
10039,28968,2
10039,28544,2
10039,27161,2
10039,26532,2
10039,26497,2
10039,23204,1
10039,22443,1
10039,19781,1
10039,19665,1
10039,19085,1
10039,18328,1
10039,18249,1
10039,18203,1
10039,17573,1
10039,16921,1
10039,16029,1
10039,15864,1
10039,15244,1
10039,15122,1
10039,14687,1
10039,14066,1
10039,13886,1
10039,13500,1
10039,13379,1
10039,13172,1
10039,12765,1
10039,12387,1
10039,12037,1
10039,11903,1
10039,11390,1
10039,11369,1
10039,10835,1
10039,10408,1
10039,10399,1
10039,10198,1
10039,943260,1
10039,583601,1
10039,571002,1
10039,564485,1
10039,563661,1
10039,552293,1
10039,543002,1
10039,535093,1
10039,532967,1
10039,530791,1
10039,525105,1
10039,522828,1
10039,521108,1
10039,421015,1
10039,381614,1
10039,343998,1
10039,294324,1
10039,267755,1
10039,259761,1
10039,255895,1
10039,250880,1
10039,249537,1
10039,233711,1
10039,232221,1
10039,231573,1
10039,219187,1
10039,217817,1
10039,213739,1
10039,213631,1
10039,213187,1
10039,193476,1
10039,188158,1
10039,174595,1
10039,167653,1
10039,165072,1
10039,164962,1
10039,162673,1
10039,160961,1
10039,159738,1
10039,150217,1
10039,139053,1
10039,138786,1
10039,136531,1
10039,124594,1
10039,124364,1
10039,120405,1
10039,119949,1
10039,107386,1
10039,107071,1
10039,100766,1
10039,99925,1
10039,96216,1
10039,95835,1
10039,94043,1
10039,92869,1
10039,91828,1
10039,88703,1
10039,87958,1
10039,87761,1
10039,84239,1
10039,82397,1
10039,82238,1
10039,79670,1
10039,79476,1
10039,77975,1
10039,77118,1
10039,76394,1
10039,73504,1
10039,73491,1
10039,72153,1
10039,71858,1
10039,68950,1
10039,63954,1
10039,62917,1
10039,62555,1
10039,60292,1
10039,59670,1
10039,59272,1
10039,59257,1
10039,57401,1
10039,56691,1
10039,56664,1
10039,55393,1
10039,54723,1
10039,53813,1
10039,52465,1
10039,52235,1
10039,51750,1
10039,51735,1
10039,50850,1
10039,50252,1
10039,50176,1
10039,49479,1
10039,49376,1
10039,49291,1
10039,49102,1
10039,49038,1
10039,48723,1
10039,48521,1
10039,48280,1
10039,46954,1
10039,46486,1
10039,45811,1
10039,45661,1
10039,45636,1
10039,45286,1
10039,44957,1
10039,44661,1
10039,44349,1
10039,44000,1
10039,42981,1
10039,42904,1
10039,42581,1
10039,42463,1
10039,42430,1
10039,42373,1
10039,42307,1
10039,41622,1
10039,41378,1
10039,41342,1
10039,41175,1
10039,38587,1
10039,38333,1
10039,38110,1
10039,38060,1
10039,37951,1
10039,36144,1
10039,35878,1
10039,35330,1
10039,34430,1
10039,34058,1
10039,33691,1
10039,33672,1
10039,33646,1
10039,33405,1
10039,32872,1
10039,32752,1
10039,31925,1
10039,31648,1
10039,31458,1
10039,30421,1
10039,29764,1
10039,29424,1
10039,28691,1
10039,28644,1
10039,28380,1
10039,28223,1
10039,28016,1
10039,27995,1
10039,27931,1
10039,26974,1
10039,26551,1
10039,26294,1
10039,26239,1
10039,26095,1
10039,26020,1
10039,25448,1
10039,25439,1
10039,25416,1
10039,25345,1
10039,24317,1
10039,24060,1
10039,24006,1
